genre,reading_time_days
historical novel,28.68
drama ,28.5
adventures,27.166666666666668
romantic,25.76923076923077
horror,22.52
science fiction,21.52173913043478
detective,21.115384615384617
non fiction,17.838709677419356
documental ,16.5
